{
  "fps_per_loop": [
    4500.144138491719,
    4701.764160685145,
    4733.14807002929
  ],
  "fps_mean": 4645.0187897353835,
  "fps_last": 4733.14807002929,
  "n_steps": 2000
}