{
  "fps_per_loop": [
    784.8317529192677,
    748.4982553905357,
    771.6134224469681
  ],
  "fps_mean": 768.3144769189239,
  "fps_last": 771.6134224469681,
  "n_steps": 2000
}