{
  "fps_per_loop": [
    3866.9165256734113,
    3993.1859635807696,
    4070.560454485241
  ],
  "fps_mean": 3976.887647913141,
  "fps_last": 4070.560454485241,
  "n_steps": 2000
}