{
  "fps_per_loop": [
    797.7329228066758,
    747.4897889475061,
    775.5067563052081
  ],
  "fps_mean": 773.57648935313,
  "fps_last": 775.5067563052081,
  "n_steps": 2000
}