{
  "fps_per_loop": [
    5142.865591850605,
    5071.293936362626,
    5020.752968598638
  ],
  "fps_mean": 5078.304165603956,
  "fps_last": 5020.752968598638,
  "n_steps": 2000
}