{
  "fps_per_loop": [
    3867.627860629793,
    3787.5864694154716,
    3756.8712588312846
  ],
  "fps_mean": 3804.0285296255165,
  "fps_last": 3756.8712588312846,
  "n_steps": 2000
}