{
  "fps_per_loop": [
    12162.645019169373,
    12404.789980641186,
    12321.50186786272
  ],
  "fps_mean": 12296.312289224428,
  "fps_last": 12321.50186786272,
  "n_steps": 2000
}