{
  "fps_per_loop": [
    2796.5949113407955,
    2726.9388322054956,
    3056.1996920878746
  ],
  "fps_mean": 2859.911145211389,
  "fps_last": 3056.1996920878746,
  "n_steps": 2000
}