{
  "fps_per_loop": [
    2472.407545478778,
    2378.250897445462,
    2401.378872709259
  ],
  "fps_mean": 2417.345771877833,
  "fps_last": 2401.378872709259,
  "n_steps": 2000
}